Workbook

Sheet Control
A1: Bloomberg input — Ibovespa and MSCI Brazil sectors
A3: Workflow
A4: 1. Open this workbook on a machine with Bloomberg Terminal and the Bloomberg Excel Add-In.
A5: 2. Log in to Bloomberg and use Bloomberg ribbon > Refresh Workbook (or force a full recalculation).
A6: 3. Wait until every BDH formula has finished and the sheets contain dates through the current day.
A7: 4. Save and close the workbook so Python can read the refreshed cached values.
A8: 5. Run run_from_bloomberg_workbook.bat in the same folder.
A10: Series configuration
A11: Sheet | B11: Series | C11: Family | D11: Total-return ticker | E11: Price-return ticker | F11: Dividend method | G11: Formula range
A12: IBOV | B12: Ibovespa | C12: B3 | D12: IBOV Index | F12: INDX_GROSS_DAILY_DIV; DIV_YIELD fallback | G12: A7:E9006
A13: MSCI Brazil | B13: MSCI Brazil | C13: MSCI Brazil | D13: M2BR Index | E13: MXBR Index | F13: Gross total return minus price return | G13: A7:E9006 and F7:J9006
A14: Energy | B14: Energy | C14: MSCI Brazil | D14: M2BR0EN Index | E14: MXBR0EN Index | F14: Gross total return minus price return | G14: A7:E9006 and F7:J9006
A15: Materials | B15: Materials | C15: MSCI Brazil | D15: M2BR0MT Index | E15: MXBR0MT Index | F15: Gross total return minus price return | G15: A7:E9006 and F7:J9006
A16: Industrials | B16: Industrials | C16: MSCI Brazil | D16: M2BR0IN Index | E16: MXBR0IN Index | F16: Gross total return minus price return | G16: A7:E9006 and F7:J9006
A17: Cons Discretionary | B17: Consumer Discretionary | C17: MSCI Brazil | D17: M2BR0CD Index | E17: MXBR0CD Index | F17: Gross total return minus price return | G17: A7:E9006 and F7:J9006
A18: Cons Staples | B18: Consumer Staples | C18: MSCI Brazil | D18: M2BR0CS Index | E18: MXBR0CS Index | F18: Gross total return minus price return | G18: A7:E9006 and F7:J9006
A19: Health Care | B19: Health Care | C19: MSCI Brazil | D19: M2BR0HC Index | E19: MXBR0HC Index | F19: Gross total return minus price return | G19: A7:E9006 and F7:J9006
A20: Financials | B20: Financials | C20: MSCI Brazil | D20: M2BR0FN Index | E20: MXBR0FN Index | F20: Gross total return minus price return | G20: A7:E9006 and F7:J9006
A21: Info Tech | B21: Information Technology | C21: MSCI Brazil | D21: M2BR0IT Index | E21: MXBR0IT Index | F21: Gross total return minus price return | G21: A7:E9006 and F7:J9006
A22: Comm Services | B22: Communication Services | C22: MSCI Brazil | D22: M2BR0TC Index | E22: MXBR0TC Index | F22: Gross total return minus price return | G22: A7:E9006 and F7:J9006
A23: Utilities | B23: Utilities | C23: MSCI Brazil | D23: M2BR0UT Index | E23: MXBR0UT Index | F23: Gross total return minus price return | G23: A7:E9006 and F7:J9006

Sheet Checks
A1: Bloomberg refresh checks
A3: Sheet | B3: Latest date | C3: Status | D3: Required action
A4: IBOV | B4: =IFERROR(LOOKUP(2,1/('IBOV'!A:A<>""),'IBOV'!A:A),"") | C4: =IF(B4="","NOT REFRESHED",IF(TODAY()-B4<=7,"OK","STALE")) | D4: =IF(C4="OK","Ready for Python","Refresh Bloomberg formulas and save")
A5: MSCI Brazil | B5: =IFERROR(LOOKUP(2,1/('MSCI Brazil'!A:A<>""),'MSCI Brazil'!A:A),"") | C5: =IF(B5="","NOT REFRESHED",IF(TODAY()-B5<=7,"OK","STALE")) | D5: =IF(C5="OK","Ready for Python","Refresh Bloomberg formulas and save")
A6: Energy | B6: =IFERROR(LOOKUP(2,1/('Energy'!A:A<>""),'Energy'!A:A),"") | C6: =IF(B6="","NOT REFRESHED",IF(TODAY()-B6<=7,"OK","STALE")) | D6: =IF(C6="OK","Ready for Python","Refresh Bloomberg formulas and save")
A7: Materials | B7: =IFERROR(LOOKUP(2,1/('Materials'!A:A<>""),'Materials'!A:A),"") | C7: =IF(B7="","NOT REFRESHED",IF(TODAY()-B7<=7,"OK","STALE")) | D7: =IF(C7="OK","Ready for Python","Refresh Bloomberg formulas and save")
A8: Industrials | B8: =IFERROR(LOOKUP(2,1/('Industrials'!A:A<>""),'Industrials'!A:A),"") | C8: =IF(B8="","NOT REFRESHED",IF(TODAY()-B8<=7,"OK","STALE")) | D8: =IF(C8="OK","Ready for Python","Refresh Bloomberg formulas and save")
A9: Cons Discretionary | B9: =IFERROR(LOOKUP(2,1/('Cons Discretionary'!A:A<>""),'Cons Discretionary'!A:A),"") | C9: =IF(B9="","NOT REFRESHED",IF(TODAY()-B9<=7,"OK","STALE")) | D9: =IF(C9="OK","Ready for Python","Refresh Bloomberg formulas and save")
A10: Cons Staples | B10: =IFERROR(LOOKUP(2,1/('Cons Staples'!A:A<>""),'Cons Staples'!A:A),"") | C10: =IF(B10="","NOT REFRESHED",IF(TODAY()-B10<=7,"OK","STALE")) | D10: =IF(C10="OK","Ready for Python","Refresh Bloomberg formulas and save")
A11: Health Care | B11: =IFERROR(LOOKUP(2,1/('Health Care'!A:A<>""),'Health Care'!A:A),"") | C11: =IF(B11="","NOT REFRESHED",IF(TODAY()-B11<=7,"OK","STALE")) | D11: =IF(C11="OK","Ready for Python","Refresh Bloomberg formulas and save")
A12: Financials | B12: =IFERROR(LOOKUP(2,1/('Financials'!A:A<>""),'Financials'!A:A),"") | C12: =IF(B12="","NOT REFRESHED",IF(TODAY()-B12<=7,"OK","STALE")) | D12: =IF(C12="OK","Ready for Python","Refresh Bloomberg formulas and save")
A13: Info Tech | B13: =IFERROR(LOOKUP(2,1/('Info Tech'!A:A<>""),'Info Tech'!A:A),"") | C13: =IF(B13="","NOT REFRESHED",IF(TODAY()-B13<=7,"OK","STALE")) | D13: =IF(C13="OK","Ready for Python","Refresh Bloomberg formulas and save")
A14: Comm Services | B14: =IFERROR(LOOKUP(2,1/('Comm Services'!A:A<>""),'Comm Services'!A:A),"") | C14: =IF(B14="","NOT REFRESHED",IF(TODAY()-B14<=7,"OK","STALE")) | D14: =IF(C14="OK","Ready for Python","Refresh Bloomberg formulas and save")
A15: Utilities | B15: =IFERROR(LOOKUP(2,1/('Utilities'!A:A<>""),'Utilities'!A:A),"") | C15: =IF(B15="","NOT REFRESHED",IF(TODAY()-B15<=7,"OK","STALE")) | D15: =IF(C15="OK","Ready for Python","Refresh Bloomberg formulas and save")

Sheet IBOV
A1: Start Date | B1: 36525
A2: End Date | B2: =TODAY()
B4: IBOV Index
B5: =_xll.BFieldInfo(B$6) | C5: =_xll.BFieldInfo(C$6) | D5: =_xll.BFieldInfo(D$6) | E5: =_xll.BFieldInfo(E$6)
A6: Dates | B6: LAST_PRICE | C6: PE_RATIO | D6: INDX_GROSS_DAILY_DIV | E6: DIV_YIELD
A7: {=_xll.BDH(B$4,B$6:E$6,$B1,$B2,"Dir=V","CDR=5D","Days=A","Dts=S")}

Sheet MSCI Brazil
A1: Start Date | B1: 36525
A2: End Date | B2: =TODAY()
B4: M2BR Index | G4: MXBR Index
B5: =_xll.BFieldInfo(B$6) | C5: =_xll.BFieldInfo(C$6) | D5: =_xll.BFieldInfo(D$6) | E5: =_xll.BFieldInfo(E$6) | G5: =_xll.BFieldInfo(G$6) | H5: =_xll.BFieldInfo(H$6) | I5: =_xll.BFieldInfo(I$6) | J5: =_xll.BFieldInfo(J$6)
A6: Dates | B6: LAST_PRICE | C6: MSCI_DVD_YLD | D6: PE_RATIO | E6: TRAIL_12M_EPS | F6: Dates | G6: LAST_PRICE | H6: MSCI_DVD_YLD | I6: PE_RATIO | J6: TRAIL_12M_EPS
A7: {=_xll.BDH(B$4,B$6:E$6,$B1,$B2,"Dir=V","CDR=5D","Days=A","Dts=S")} | F7: {=_xll.BDH(G$4,G$6:J$6,$B1,$B2,"Dir=V","CDR=5D","Days=A","Dts=S")}

Sheet Energy
A1: Start Date | B1: 36525
A2: End Date | B2: =TODAY()
B4: M2BR0EN Index | G4: MXBR0EN Index
B5: =_xll.BFieldInfo(B$6) | C5: =_xll.BFieldInfo(C$6) | D5: =_xll.BFieldInfo(D$6) | E5: =_xll.BFieldInfo(E$6) | G5: =_xll.BFieldInfo(G$6) | H5: =_xll.BFieldInfo(H$6) | I5: =_xll.BFieldInfo(I$6) | J5: =_xll.BFieldInfo(J$6)
A6: Dates | B6: LAST_PRICE | C6: MSCI_DVD_YLD | D6: PE_RATIO | E6: TRAIL_12M_EPS | F6: Dates | G6: LAST_PRICE | H6: MSCI_DVD_YLD | I6: PE_RATIO | J6: TRAIL_12M_EPS
A7: {=_xll.BDH(B$4,B$6:E$6,$B1,$B2,"Dir=V","CDR=5D","Days=A","Dts=S")} | F7: {=_xll.BDH(G$4,G$6:J$6,$B1,$B2,"Dir=V","CDR=5D","Days=A","Dts=S")}

Sheet Materials
A1: Start Date | B1: 36525
A2: End Date | B2: =TODAY()
B4: M2BR0MT Index | G4: MXBR0MT Index
B5: =_xll.BFieldInfo(B$6) | C5: =_xll.BFieldInfo(C$6) | D5: =_xll.BFieldInfo(D$6) | E5: =_xll.BFieldInfo(E$6) | G5: =_xll.BFieldInfo(G$6) | H5: =_xll.BFieldInfo(H$6) | I5: =_xll.BFieldInfo(I$6) | J5: =_xll.BFieldInfo(J$6)
A6: Dates | B6: LAST_PRICE | C6: MSCI_DVD_YLD | D6: PE_RATIO | E6: TRAIL_12M_EPS | F6: Dates | G6: LAST_PRICE | H6: MSCI_DVD_YLD | I6: PE_RATIO | J6: TRAIL_12M_EPS
A7: {=_xll.BDH(B$4,B$6:E$6,$B1,$B2,"Dir=V","CDR=5D","Days=A","Dts=S")} | F7: {=_xll.BDH(G$4,G$6:J$6,$B1,$B2,"Dir=V","CDR=5D","Days=A","Dts=S")}

Sheet Industrials
A1: Start Date | B1: 36525
A2: End Date | B2: =TODAY()
B4: M2BR0IN Index | G4: MXBR0IN Index
B5: =_xll.BFieldInfo(B$6) | C5: =_xll.BFieldInfo(C$6) | D5: =_xll.BFieldInfo(D$6) | E5: =_xll.BFieldInfo(E$6) | G5: =_xll.BFieldInfo(G$6) | H5: =_xll.BFieldInfo(H$6) | I5: =_xll.BFieldInfo(I$6) | J5: =_xll.BFieldInfo(J$6)
A6: Dates | B6: LAST_PRICE | C6: MSCI_DVD_YLD | D6: PE_RATIO | E6: TRAIL_12M_EPS | F6: Dates | G6: LAST_PRICE | H6: MSCI_DVD_YLD | I6: PE_RATIO | J6: TRAIL_12M_EPS
A7: {=_xll.BDH(B$4,B$6:E$6,$B1,$B2,"Dir=V","CDR=5D","Days=A","Dts=S")} | F7: {=_xll.BDH(G$4,G$6:J$6,$B1,$B2,"Dir=V","CDR=5D","Days=A","Dts=S")}

Sheet Cons Discretionary
A1: Start Date | B1: 36525
A2: End Date | B2: =TODAY()
B4: M2BR0CD Index | G4: MXBR0CD Index
B5: =_xll.BFieldInfo(B$6) | C5: =_xll.BFieldInfo(C$6) | D5: =_xll.BFieldInfo(D$6) | E5: =_xll.BFieldInfo(E$6) | G5: =_xll.BFieldInfo(G$6) | H5: =_xll.BFieldInfo(H$6) | I5: =_xll.BFieldInfo(I$6) | J5: =_xll.BFieldInfo(J$6)
A6: Dates | B6: LAST_PRICE | C6: MSCI_DVD_YLD | D6: PE_RATIO | E6: TRAIL_12M_EPS | F6: Dates | G6: LAST_PRICE | H6: MSCI_DVD_YLD | I6: PE_RATIO | J6: TRAIL_12M_EPS
A7: {=_xll.BDH(B$4,B$6:E$6,$B1,$B2,"Dir=V","CDR=5D","Days=A","Dts=S")} | F7: {=_xll.BDH(G$4,G$6:J$6,$B1,$B2,"Dir=V","CDR=5D","Days=A","Dts=S")}

Sheet Cons Staples
A1: Start Date | B1: 36525
A2: End Date | B2: =TODAY()
B4: M2BR0CS Index | G4: MXBR0CS Index
B5: =_xll.BFieldInfo(B$6) | C5: =_xll.BFieldInfo(C$6) | D5: =_xll.BFieldInfo(D$6) | E5: =_xll.BFieldInfo(E$6) | G5: =_xll.BFieldInfo(G$6) | H5: =_xll.BFieldInfo(H$6) | I5: =_xll.BFieldInfo(I$6) | J5: =_xll.BFieldInfo(J$6)
A6: Dates | B6: LAST_PRICE | C6: MSCI_DVD_YLD | D6: PE_RATIO | E6: TRAIL_12M_EPS | F6: Dates | G6: LAST_PRICE | H6: MSCI_DVD_YLD | I6: PE_RATIO | J6: TRAIL_12M_EPS
A7: {=_xll.BDH(B$4,B$6:E$6,$B1,$B2,"Dir=V","CDR=5D","Days=A","Dts=S")} | F7: {=_xll.BDH(G$4,G$6:J$6,$B1,$B2,"Dir=V","CDR=5D","Days=A","Dts=S")}

Sheet Health Care
A1: Start Date | B1: 36525
A2: End Date | B2: =TODAY()
B4: M2BR0HC Index | G4: MXBR0HC Index
B5: =_xll.BFieldInfo(B$6) | C5: =_xll.BFieldInfo(C$6) | D5: =_xll.BFieldInfo(D$6) | E5: =_xll.BFieldInfo(E$6) | G5: =_xll.BFieldInfo(G$6) | H5: =_xll.BFieldInfo(H$6) | I5: =_xll.BFieldInfo(I$6) | J5: =_xll.BFieldInfo(J$6)
A6: Dates | B6: LAST_PRICE | C6: MSCI_DVD_YLD | D6: PE_RATIO | E6: TRAIL_12M_EPS | F6: Dates | G6: LAST_PRICE | H6: MSCI_DVD_YLD | I6: PE_RATIO | J6: TRAIL_12M_EPS
A7: {=_xll.BDH(B$4,B$6:E$6,$B1,$B2,"Dir=V","CDR=5D","Days=A","Dts=S")} | F7: {=_xll.BDH(G$4,G$6:J$6,$B1,$B2,"Dir=V","CDR=5D","Days=A","Dts=S")}

Sheet Financials
A1: Start Date | B1: 36525
A2: End Date | B2: =TODAY()
B4: M2BR0FN Index | G4: MXBR0FN Index
B5: =_xll.BFieldInfo(B$6) | C5: =_xll.BFieldInfo(C$6) | D5: =_xll.BFieldInfo(D$6) | E5: =_xll.BFieldInfo(E$6) | G5: =_xll.BFieldInfo(G$6) | H5: =_xll.BFieldInfo(H$6) | I5: =_xll.BFieldInfo(I$6) | J5: =_xll.BFieldInfo(J$6)
A6: Dates | B6: LAST_PRICE | C6: MSCI_DVD_YLD | D6: PE_RATIO | E6: TRAIL_12M_EPS | F6: Dates | G6: LAST_PRICE | H6: MSCI_DVD_YLD | I6: PE_RATIO | J6: TRAIL_12M_EPS
A7: {=_xll.BDH(B$4,B$6:E$6,$B1,$B2,"Dir=V","CDR=5D","Days=A","Dts=S")} | F7: {=_xll.BDH(G$4,G$6:J$6,$B1,$B2,"Dir=V","CDR=5D","Days=A","Dts=S")}

Sheet Info Tech
A1: Start Date | B1: 36525
A2: End Date | B2: =TODAY()
B4: M2BR0IT Index | G4: MXBR0IT Index
B5: =_xll.BFieldInfo(B$6) | C5: =_xll.BFieldInfo(C$6) | D5: =_xll.BFieldInfo(D$6) | E5: =_xll.BFieldInfo(E$6) | G5: =_xll.BFieldInfo(G$6) | H5: =_xll.BFieldInfo(H$6) | I5: =_xll.BFieldInfo(I$6) | J5: =_xll.BFieldInfo(J$6)
A6: Dates | B6: LAST_PRICE | C6: MSCI_DVD_YLD | D6: PE_RATIO | E6: TRAIL_12M_EPS | F6: Dates | G6: LAST_PRICE | H6: MSCI_DVD_YLD | I6: PE_RATIO | J6: TRAIL_12M_EPS
A7: {=_xll.BDH(B$4,B$6:E$6,$B1,$B2,"Dir=V","CDR=5D","Days=A","Dts=S")} | F7: {=_xll.BDH(G$4,G$6:J$6,$B1,$B2,"Dir=V","CDR=5D","Days=A","Dts=S")}

Sheet Comm Services
A1: Start Date | B1: 36525
A2: End Date | B2: =TODAY()
B4: M2BR0TC Index | G4: MXBR0TC Index
B5: =_xll.BFieldInfo(B$6) | C5: =_xll.BFieldInfo(C$6) | D5: =_xll.BFieldInfo(D$6) | E5: =_xll.BFieldInfo(E$6) | G5: =_xll.BFieldInfo(G$6) | H5: =_xll.BFieldInfo(H$6) | I5: =_xll.BFieldInfo(I$6) | J5: =_xll.BFieldInfo(J$6)
A6: Dates | B6: LAST_PRICE | C6: MSCI_DVD_YLD | D6: PE_RATIO | E6: TRAIL_12M_EPS | F6: Dates | G6: LAST_PRICE | H6: MSCI_DVD_YLD | I6: PE_RATIO | J6: TRAIL_12M_EPS
A7: {=_xll.BDH(B$4,B$6:E$6,$B1,$B2,"Dir=V","CDR=5D","Days=A","Dts=S")} | F7: {=_xll.BDH(G$4,G$6:J$6,$B1,$B2,"Dir=V","CDR=5D","Days=A","Dts=S")}

Sheet Utilities
A1: Start Date | B1: 36525
A2: End Date | B2: =TODAY()
B4: M2BR0UT Index | G4: MXBR0UT Index
B5: =_xll.BFieldInfo(B$6) | C5: =_xll.BFieldInfo(C$6) | D5: =_xll.BFieldInfo(D$6) | E5: =_xll.BFieldInfo(E$6) | G5: =_xll.BFieldInfo(G$6) | H5: =_xll.BFieldInfo(H$6) | I5: =_xll.BFieldInfo(I$6) | J5: =_xll.BFieldInfo(J$6)
A6: Dates | B6: LAST_PRICE | C6: MSCI_DVD_YLD | D6: PE_RATIO | E6: TRAIL_12M_EPS | F6: Dates | G6: LAST_PRICE | H6: MSCI_DVD_YLD | I6: PE_RATIO | J6: TRAIL_12M_EPS
A7: {=_xll.BDH(B$4,B$6:E$6,$B1,$B2,"Dir=V","CDR=5D","Days=A","Dts=S")} | F7: {=_xll.BDH(G$4,G$6:J$6,$B1,$B2,"Dir=V","CDR=5D","Days=A","Dts=S")}
